<?xml version="1.0" encoding="UTF-8"?>
<FileZilla3 version="3.44.2" platform="windows">
	<Servers>
		<Server>
			<Host>arrjdemo.in</Host>
			<Port>21</Port>
			<Protocol>0</Protocol>
			<Type>0</Type>
			<User>demoarrj1n</User>
			<Pass encoding="base64">aCtWfW9TYlNVTUB4</Pass>
			<Logontype>1</Logontype>
			<TimezoneOffset>0</TimezoneOffset>
			<PasvMode>MODE_DEFAULT</PasvMode>
			<MaximumMultipleConnections>0</MaximumMultipleConnections>
			<EncodingType>Auto</EncodingType>
			<BypassProxy>0</BypassProxy>
			<Name>arrjdemo.in</Name>
			<Comments />
			<Colour>0</Colour>
			<LocalDir />
			<RemoteDir />
			<SyncBrowsing>0</SyncBrowsing>
			<DirectoryComparison>0</DirectoryComparison>
		</Server>
	</Servers>
</FileZilla3>
